{
  "toggle_mod": true,
  "animation_speed": 150,
  "curve_points": [
    [
      0.38200000,
      0.10000000
    ],
    [
      0.61800000,
      0.90000000
    ]
  ]
}
